{
 "a": [
  0,
  0,
  0,
  -0.06324046850204468,
  -0.02489447593688965,
  -0.020187555944175983,
  -0.12088358402252197,
  -0.10036569833755493,
  -0.02497427271828201,
  -0.15231341123580933,
  -0.16047459840774536,
  -0.031004295816273952,
  -0.1816994547843933,
  -0.198591947555542,
  -0.03359969252869632,
  -0.08358091115951538,
  -0.17271637916564941,
  0.005541052537409996,
  -0.09643137454986572,
  -0.19781053066253662,
  -0.02363772424087074,
  -0.07893890142440796,
  -0.13330042362213135,
  -0.04168116221353557,
  -0.06472831964492798,
  -0.08814918994903564,
  -0.04823958793804195,
  -0.04456132650375366,
  -0.18386554718017578,
  0.004752331747113203,
  -0.0582808256149292,
  -0.21165049076080322,
  -0.027010184844584728,
  -0.04626065492630005,
  -0.1327555775642395,
  -0.03667686799690273,
  -0.03579533100128174,
  -0.08708798885345459,
  -0.03375510046407726,
  -0.0062215328216552734,
  -0.1832771897315979,
  -0.0018915701812147745,
  -0.01769387722015381,
  -0.20701873302459717,
  -0.034532169943304325,
  -0.014118790626525879,
  -0.13183742761611938,
  -0.028393359055371548,
  -0.009298622608184814,
  -0.08998769521713257,
  -0.01310072759315517,
  0.03177827596664429,
  -0.17682009935379028,
  -0.010023552124948765,
  0.019871294498443604,
  -0.20916235446929932,
  -0.025797962342949177,
  0.015573859214782715,
  -0.16096609830856323,
  -0.014973451515288616,
  0.016148626804351807,
  -0.13386940956115723,
  -0.0008167928472175845
 ],
 "b": [
  0,
  0,
  0,
  -0.051373422145843506,
  -0.04346144199371338,
  -0.015681856851784914,
  -0.07301419973373413,
  -0.13015568256378174,
  -0.01944943105777952,
  -0.03872150182723999,
  -0.1898021101951599,
  -0.024272814001648158,
  0.003690779209136963,
  -0.1977999210357666,
  -0.029229560475556582,
  -0.06441110372543335,
  -0.22980576753616333,
  0.006551269367577106,
  -0.07087016105651855,
  -0.3139507472515106,
  -0.0010047151751280126,
  -0.07109373807907104,
  -0.36362385749816895,
  -0.012692248057334155,
  -0.0696595311164856,
  -0.4070335626602173,
  -0.023517073672024935,
  -0.030330777168273926,
  -0.24208539724349976,
  0.0023363662606641356,
  -0.037551820278167725,
  -0.3356766998767853,
  -0.0015284522247895893,
  -0.03974759578704834,
  -0.39067697525024414,
  -0.011503073926775187,
  -0.042176783084869385,
  -0.4372573792934418,
  -0.020349647458402842,
  0.0025846362113952637,
  -0.23506009578704834,
  -0.005962852462886303,
  -0.004136264324188232,
  -0.32241618633270264,
  -0.00983044931641075,
  -0.00905144214630127,
  -0.37382352352142334,
  -0.01741560881933424,
  -0.014575183391571045,
  -0.4174960255622864,
  -0.024739592876045435,
  0.03697013854980469,
  -0.2141311764717102,
  -0.017471175249426096,
  0.03221595287322998,
  -0.28365594148635864,
  -0.020716400425641268,
  0.027454376220703125,
  -0.3258648216724396,
  -0.022005602326004237,
  0.022430777549743652,
  -0.3633021116256714,
  -0.02453954292437288
 ],
 "c": [
  0,
  0,
  0,
  -0.06841886043548584,
  -0.015433549880981445,
  0.011550693184574357,
  -0.12644726037979126,
  -0.04986131191253662,
  0.011345711879869214,
  -0.1698189377784729,
  -0.05952811241149902,
  0.002288139768381825,
  -0.2104969620704651,
  -0.0716896653175354,
  -0.007056404958973417,
  -0.11297166347503662,
  -0.17607074975967407,
  0.03888483100428175,
  -0.14483952522277832,
  -0.23877406120300293,
  0.030439637013216725,
  -0.17263269424438477,
  -0.25839662551879883,
  0.016511218034167996,
  -0.20181357860565186,
  -0.26565927267074585,
  0.005252669442882052,
  -0.09597444534301758,
  -0.18606263399124146,
  0.016634208493371716,
  -0.1313992738723755,
  -0.2608058452606201,
  0.00680539605065178,
  -0.16698044538497925,
  -0.27790093421936035,
  -0.007538108743290195,
  -0.2003355622291565,
  -0.27171364426612854,
  -0.01801773219511915,
  -0.07727330923080444,
  -0.18634504079818726,
  -0.009475174016813526,
  -0.1113097071647644,
  -0.2657817304134369,
  -0.018909399054507503,
  -0.15201807022094727,
  -0.28260061144828796,
  -0.027959284029464015,
  -0.18877655267715454,
  -0.2777337431907654,
  -0.034313673741678485,
  -0.059831440448760986,
  -0.17800694704055786,
  -0.03646597138748575,
  -0.09438127279281616,
  -0.24248576164245605,
  -0.044480706221918354,
  -0.12804436683654785,
  -0.2654038667678833,
  -0.049195258535007724,
  -0.15966594219207764,
  -0.2702995240688324,
  -0.052884905255893955
 ],
 "d": [
  0,
  0,
  0,
  -0.03920948505401611,
  -0.031787991523742676,
  -0.02737663167392057,
  -0.06346434354782104,
  -0.08904212713241577,
  -0.04429061378215593,
  -0.04990386962890625,
  -0.1496102213859558,
  -0.06083240399931711,
  -0.02524399757385254,
  -0.19527405500411987,
  -0.07625762785648149,
  -0.06210339069366455,
  -0.2091594934463501,
  -0.023923533436406075,
  -0.0686032772064209,
  -0.30501413345336914,
  -0.044910930496204315,
  -0.06715589761734009,
  -0.3605024814605713,
  -0.05963312501882356,
  -0.06472676992416382,
  -0.40914300084114075,
  -0.07133644486640733,
  -0.024857282638549805,
  -0.2094869613647461,
  -0.02555703411673349,
  -0.02030724287033081,
  -0.2854191064834595,
  -0.05723456705783647,
  -0.02237766981124878,
  -0.22737938165664673,
  -0.06666338856195253,
  -0.026258230209350586,
  -0.18396323919296265,
  -0.06674609000657838,
  0.009739279747009277,
  -0.19546127319335938,
  -0.03027144486879152,
  0.01811516284942627,
  -0.2686586380004883,
  -0.05917822982047838,
  0.008475542068481445,
  -0.212172269821167,
  -0.05409162531470102,
  0.0017199516296386719,
  -0.16597753763198853,
  -0.044249259334552704,
  0.03901040554046631,
  -0.16703009605407715,
  -0.03781863714431566,
  0.04216212034225464,
  -0.219585120677948,
  -0.058268428247917115,
  0.030111610889434814,
  -0.18474352359771729,
  -0.054215692382800995,
  0.02219367027282715,
  -0.1490229368209839,
  -0.04706136177157205
 ],
 "i": [
  0,
  0,
  0,
  -0.048815906047821045,
  -0.03195297718048096,
  -0.00622595974616047,
  -0.07177793979644775,
  -0.1076393723487854,
  -0.006726537713774405,
  -0.06884372234344482,
  -0.16292691230773926,
  -0.010588691452511512,
  -0.06394636631011963,
  -0.19312292337417603,
  -0.010835129650303088,
  -0.06063437461853027,
  -0.16907262802124023,
  0.005572281895211972,
  -0.06953597068786621,
  -0.22084194421768188,
  -0.01571769255585309,
  -0.06086719036102295,
  -0.16927707195281982,
  -0.025413505615659915,
  -0.053635597229003906,
  -0.12375879287719727,
  -0.02552132110483285,
  -0.026935577392578125,
  -0.17309218645095825,
  0.0016552577735922114,
  -0.03397965431213379,
  -0.21544134616851807,
  -0.02726179535872575,
  -0.0314214825630188,
  -0.15065807104110718,
  -0.03551748383230802,
  -0.0290144681930542,
  -0.10314410924911499,
  -0.031543664516874514,
  0.008436024188995361,
  -0.1701904535293579,
  -0.0057407844569468125,
  0.002950727939605713,
  -0.21873784065246582,
  -0.0325602217335188,
  -0.00519406795501709,
  -0.15678608417510986,
  -0.031158601747819148,
  -0.009465992450714111,
  -0.10690146684646606,
  -0.01985323603636857,
  0.04126334190368652,
  -0.16551661491394043,
  -0.013676873290904723,
  0.05302006006240845,
  -0.23275429010391235,
  -0.027600645901628695,
  0.058693528175354004,
  -0.2781257629394531,
  -0.029803190262981616,
  0.06175726652145386,
  -0.3234516382217407,
  -0.026676501961418353
 ],